Province,Bands(count),Hectares(Sum),Hectares/Band(Mean)
AB,27,588804.3999999997,21807.57037037036
BC,139,304147.5000000002,2188.1115107913683
MB,39,285048.0,7308.923076923077
NB,13,15592.200000000003,1199.4
NL,1,2839.0,2839.0
NS,8,9031.2,1128.9
NT,1,10049.7,10049.7
ON,100,709263.4999999999,7092.634999999998
PE,2,764.6,382.3
QC,33,93114.6,2821.6545454545458
SK,68,996298.5999999996,14651.449999999995
YT,9,2739.5,304.3888888888889
